{
  "project_info": {
    "project_number": "141175841138",
    "firebase_url": "https://snapteach-311a0.firebaseio.com",
    "project_id": "snapteach-311a0",
    "storage_bucket": "snapteach-311a0.appspot.com"
  },
  "client": [
    {
      "client_info": {
        "mobilesdk_app_id": "1:141175841138:android:6e053c0d6b4565d4",
        "android_client_info": {
          "package_name": "com.snapteach.io"
        }
      },
      "oauth_client": [
        {
          "client_id": "141175841138-foe5auf9ek7j3rab0o2nai42s6qtus95.apps.googleusercontent.com",
          "client_type": 3
        }
      ],
      "api_key": [
        {
          "current_key": "AIzaSyBI9sFexVwklXc6VD6_cBbZwG6P-C2K_c8"
        }
      ],
      "services": {
        "analytics_service": {
          "status": 1
        },
        "appinvite_service": {
          "status": 1,
          "other_platform_oauth_client": []
        },
        "ads_service": {
          "status": 2
        }
      }
    }
  ],
  "configuration_version": "1"
}